EnsemblID	PC1	PC2
AC016995.3	0.0423645990864895	-0.002368600367056785
RP11-130F10.1	0.041914773141482155	-0.006583487484585268
RP11-5A19.5	0.041869039139707256	-0.006224608717563646
ATG16L2	0.041786603151643155	0.0017280551542540271
NCKIPSD	0.0417702840238848	-0.006122134647595344
HSF4	0.04176956501660399	0.018027526288233644
RP1-120G22.11	0.04161116434586159	-0.001834364140482154
C21orf2	0.04159604156344858	0.00457871548070652
U2AF1	0.04159516728389484	0.010213717657265696
NIFKP8	0.041594552690646526	-0.0108257075328568
RP11-728F11.3	0.041540861640616975	0.015975181114875676
DNASE1L2	0.041505037381112844	0.008108557419477233
FAM90A25P	0.04149842763618265	-0.004658137238561455
NECAB1	0.041453977468476795	0.00407376321233784
CDH18	0.04143619785468965	-0.01689430240501218
MIPEPP3	0.04140048716743908	0.0060883378144605095
PIP5K1C	0.04133864397944106	0.014028954129287478
STAP1	0.04125454414476941	0.004026213312194237
RP11-566K19.5	0.04124529710688055	-0.01275722677547021
SNORA47	0.04123014754178475	0.0013438991164631642
CTD-2091N23.1	0.04122865424955684	-0.008043360337030337
RP11-702H23.4	0.041226969305538555	-0.0005403185286412361
BTK	0.04119820311488344	-0.01783097560525574
AP001062.8	0.041197601914255984	0.009333519592986764
EGFL6	0.04116639355173667	-0.019014129429524514
RP11-632F7.3	0.04109320405476905	-0.009194659131756804
WASH3P	0.041092254121369506	0.011803150381517611
SSBP4	0.04108600388608621	0.015462529448583272
C14orf80	0.041072332107312315	-0.0015927276368052016
AC008278.2	0.04106878437576351	-0.008129705333162979
MTA1	0.0410083627544999	0.005073345924843806
ANO9	0.04097812922092306	0.006822183862714416
NME9	0.040936041078991646	-0.007862107108475869
IFT140	0.040920072405070326	0.011611651342514304
SUV420H2	0.04089886502603493	0.007086199839286504
OLA1P3	0.04088822568874449	0.006434461183730209
RP3-337O18.9	0.04087233857778929	-0.0014669641126131363
NUTM2B	0.0408691312670365	-0.0006251925851339282
RP11-143J24.1	0.04086623118648403	-0.003809125098558041
TEX22	0.04085880230510779	0.005030643199647936
RP11-84D1.1	0.04085405248264931	-0.015417692016794706
FOXJ1	0.04084772866581598	-0.0059990511337368055
WDR88	0.040841697085383884	0.013469691316295471
XCR1	0.04078234776677766	-0.013373186844798244
AF146191.4	0.04078001265783958	0.008594461389672374
AC092316.1	0.040758179291119426	-0.006486584787243649
ZNF579	0.040728454425845766	0.01337131354436166
C14orf79	0.040708834290395034	-0.00972790463654006
CCDC154	0.04070333251045425	-0.004216210669857358
RP4-800G7.2	0.04070125808293863	0.0006706206956943321
MIR3942	0.040700901489784974	-0.0009134136493960806
ENO4	0.04068988304597965	-0.0043308976711158255
CTB-50L17.7	0.04068831516161187	0.016645222216618807
MFSD12	0.04066610185166947	0.022043220346237544
C17orf72	0.04066529585371423	-0.012022303823740303
TSNAXIP1	0.04065379265318714	0.000386476091732824
SAP25	0.0406474652716146	0.014046479742012268
AC114730.8	0.04061196354474762	-0.006320379046519742
RP11-797H7.5	0.04057894698580421	0.017658361944397755
RP11-902B17.1	0.040578852321711316	-0.011987796225082639
INF2	0.040578823215666214	-0.0029742867078558664
CTD-2611K5.5	0.040577634626700367	0.005180612436432649
MAGEC3	0.040565708032555534	-0.00630227337729455
KCNE1	0.04055998634061089	-0.0037422812519527578
U62631.5	0.0405259508557303	-0.009925526662085635
RN7SL744P	0.040503531318823734	0.009752089437229482
RNU6-37P	0.040489484628362916	0.013177380246363174
AACSP1	0.04048243122569632	0.0034618841450458665
GBP7	0.04046922203220401	-0.0030771872489755566
CCDC147	0.04046155376546875	-0.009095949464719122
DRC1	0.040435930404281964	-0.005882789367335066
LINC00965	0.040388109014887215	0.0071312253680817705
OSBP2	0.04033330642007464	0.010824597947813992
RP11-622C24.1	0.04032868246952518	-0.009893358831829763
TMEM259	0.040307026428417915	0.020938901843038295
LINC00702	0.04029572173183617	-0.007150754392214105
GJD3	0.04029187522362728	-0.0012493324906134745
Y_RNA	0.0402873911510162	-0.005498942076249409
ADAMTS13	0.040281766752713874	-0.004042064506421864
WDR96	0.0402751177266423	-0.008720813313910546
RP11-755F10.1	0.04026650135136185	-0.0004903424674327771
PTGIR	0.04026409742912678	0.002967790423774773
RP5-966M1.6	0.04025931740713791	0.00851319722922847
RP11-845M18.7	0.04024856021512883	-0.006789361341456681
ZNF837	0.040247110953588176	-0.01462289827606125
PLEKHH3	0.04023329381924472	0.019749676596736893
FLNB	0.040231069081646205	-0.027317718818131678
CBX3P2	0.04022905784880835	0.0002794413178934321
RP11-214D15.2	0.04022871577464752	0.010534994065378207
FHIT	0.040206032081255144	0.006687799483532847
LILRA6	0.040202190090755215	0.0012993668114319365
HSD17B1P1	0.04019780110571325	0.008404712984321657
LDB3	0.04019766536506905	-0.008658206426117136
AKT1	0.04019552596797541	-0.004252522257630474
DOC2A	0.040183528921293225	0.002954314157398406
DNAI1	0.040178387267145864	-0.009978630746152649
CTA-407F11.6	0.04017608976001241	0.016650293070625276
CCDC73	0.04017550004695784	0.014138834929570175
SLC25A29	0.04016687923986636	-0.005416758549751663
PLEKHN1	0.04016424127346024	-0.00488676065417346
MAMSTR	0.040139837581623705	0.010148547633810677
RP11-598F7.4	0.04011321025124271	0.006589915195300325
RP11-459F6.3	0.04009132873248692	-0.014181301765055465
CTD-3199J23.6	0.04008520807573206	0.007332577012902245
BRF1	0.04008326532908194	0.00886120498856806
RP11-425A23.1	0.04007955443057119	-0.004548967255022026
TTC18	0.040077315563418835	-0.0048159566378213
CDC20B	0.04007417214437427	-0.0014321960909990245
CCDC19	0.04007268525120396	0.004740719065552771
KRTAP5-9	0.04006417094651637	0.004049917813276412
KRT8P15	0.04004721795921963	-0.002358137875061133
RP11-503N18.1	0.04004630366595794	-0.0037202110271167144
MKNK2	0.04003732243874633	-0.004158037106019855
CTD-2245E15.3	0.04002651187700581	-0.009347559057288457
MAT1A	0.039995490373234376	0.0009590876533653787
CACNA1F	0.03999240611339225	0.009677235467903186
RPL21P54	0.03998568981942808	-0.005785786554190321
AC016772.4	0.03996961599994111	0.0030734671926288364
RP11-496I9.1	0.03996703859178722	0.007228685091441628
RP11-556H2.3	0.03996237304763375	0.022670101384488255
ROPN1L	0.039961825086368856	0.0014193881093474536
CTD-2292P10.4	0.039937635317464366	0.01111563175763162
RP11-67M1.1	0.03991751151372748	-0.01670063262882588
NECAB3	0.039893760074620144	0.007894080470007035
PFKFB1	0.03986236375184091	0.006035204472070144
LBX2	0.039848865740192765	0.0017270002239642998
FREM1	0.03984143875767187	-0.01653674565229213
DLG4	0.0398348077079016	0.00416353390851312
PPP1R12C	0.039823711532848895	-0.00021592942686972965
RP11-56F10.3	0.03981800553395809	-0.007998470672057532
AC073133.2	0.03981343872357113	-0.005638798846979365
TCTN1	0.039804371728069686	0.018900194498941973
RP11-64C12.8	0.03979571005215793	0.00967913239995242
CACNB4	0.03979548189350551	-0.010233366395089724
AC072052.7	0.03978694490475478	0.013772187928829973
C1orf158	0.03978360195212387	-0.005404748194171252
CELSR3	0.03977209450516504	-0.005789313183902808
COL6A3	0.0397708773261575	-0.000640268065598306
SPEF1	0.03977027296960153	-0.005245456720812325
ZNF467	0.039767940410474864	0.014212955731438158
C1orf192	0.039766725563007664	0.007404753783900108
LMNB2	0.039764160613943056	0.0142685833207878
LGI3	0.03975910341596619	0.01685937405416768
ATG9B	0.039747813288514636	0.003798706456401495
PRR24	0.039737868410902794	0.013142388760516602
PAXIP1-AS1	0.03972825654692199	0.008547310381028187
SSPO	0.039719456850944745	0.0051886022719342135
LINC00284	0.039708729789251676	-0.01544639069932456
CCDC144NL	0.039699097128241614	-0.023941982060595904
SMOX	0.03969865530063515	0.018796855567765704
RIPK4	0.03968992704670115	0.013210033142172109
DZANK1	0.0396859415383896	-0.00019698270574880402
MOK	0.039666925160274286	-0.013370756715715823
RP11-432J24.5	0.03966028029449178	0.004951322871635181
AC012358.7	0.039648399796462785	0.009696253674525798
CTD-2021A8.2	0.03963273063632741	-0.0058285891495230445
SLC2A11	0.03963206082414594	0.021967850519478176
RP11-517P14.7	0.03960198231876878	-0.01872012132032294
DCDC1	0.03960001117705065	-0.0038584419858436855
AC002116.7	0.03959960366765849	-0.005352859506088206
XXbac-B444P24.10	0.03958855627985756	-0.00527632320052871
ZNF969P	0.03958692723268053	-0.011603867768967022
CTC-518B2.12	0.03958436136283225	-0.002508016247649674
CTD-2349P21.5	0.03958043853113944	0.010831620785818112
CSNK1G2	0.0395789219903615	0.0052182446096803335
MIR210HG	0.03957121193927696	0.0012578712477556648
TRIM66	0.039560125828540876	0.00748702705586499
RP11-1391J7.1	0.039537470842372156	0.009509059808556548
MIR641	0.039537325445251806	0.018255532132428993
CTD-2619J13.8	0.039529183546064564	-0.002087224869811104
RP11-494H4.3	0.03952767818426194	-0.0012250386562522994
DZIP1L	0.03951731572638216	0.01626305854164423
AP006222.2	0.03951401279593694	0.011250573438836238
ATP6V0E2-AS1	0.03951074096984088	0.026505422131040648
CCDC113	0.03949992630178712	0.001827833832157214
RP11-310P5.1	0.03949657509834418	-0.012469577131234687
RP11-1212A22.1	0.039478490739075105	0.018735899871629227
DKK2	0.039460850190674426	-0.03231504288463612
FAM153C	0.039458800171962856	0.007995006391127353
C2orf50	0.039450460304029114	0.005605717305360253
CLTCL1	0.03942813463879903	-0.00535569666308054
PLA2G3	0.03941269496685082	0.0012156986608039208
SNORD57	0.03940977227497774	0.007363389693937437
HDGFRP2	0.03939544426116303	0.03053411659325839
APLNR	0.039390663648550345	-0.011429185626106717
CTD-2571E19.3	0.039384781121848005	-0.002723077030610516
RPSAP43	0.03937940381643228	-0.0180699871821037
KDM4B	0.03936979355157389	0.0270723332467858
MIR3136	0.03936825837181754	0.004515908797947636
BRICD5	0.03934581673016331	0.026125098391431484
Y_RNA	0.03933763830655886	-0.0010116745856217303
AHNAK2	0.03933398628774159	-0.01634384541712176
AP3D1	0.03933371450248216	0.025811193110936964
RIBC1	0.039331598130899856	0.015541629324609209
RP11-927P21.2	0.039325099963790536	-0.008027968093015205
LRRC37A11P	0.03932204833705612	-0.008337251121466717
CXorf28	0.03931267290483975	0.0004964346341066559
FAM86B1	0.03929845709790391	0.010795201873697096
PCED1A	0.039294405816410014	0.03202291442731479
RSU1P2	0.039279298167316595	-0.004701191628646429
DNAAF1	0.03927911013727488	0.0002719223530983912
CCDC114	0.03927629971363458	-0.0007400442865448979
TEKT1	0.03927435527735062	0.0005512567829872458
RP11-118B18.1	0.039272503319921714	0.005181858568350858
RP11-849F2.9	0.03927090327324311	0.00673992830415086
CTD-2020K17.3	0.039267253168173304	0.01987134542036845
TCTE1	0.03925749853639348	-0.02156451332611401
RP11-7M8.2	0.039254973064431736	0.0010738047002802455
TJP3	0.03925252488562821	0.0010541092571469276
TNFRSF25	0.03925156009047121	-0.005776502058952376
RP4-740C4.6	0.03924535705458471	0.003972928714796678
AC002472.13	0.03920828719344221	0.0006267419178361003
HDAC5	0.03920703703007742	0.01743941772665598
CITED4	0.0391998278641616	0.0030451029036823187
RP3-406P24.3	0.03919970889227801	0.005076740515749414
CCDC180	0.03918538667989975	-0.0053114756784604
CTC-360G5.9	0.039173833490779894	0.0024665918267400447
CCM2L	0.039161039983468704	0.0028975692739941425
SNORD104	0.03913596700031427	0.015414203845460361
RP11-152N13.5	0.03912767064007598	0.0004240034791656543
DBH-AS1	0.03912337103361358	-0.0014427801433832912
KCNN3	0.039122420035683336	0.008955352870487595
IL5RA	0.03909527688465622	-0.0029899031654914967
ALG1L10P	0.039091023544626145	-0.0025975902271796673
OR10H1	0.039083811063084194	0.00038568825562892875
WDR16	0.03908227440356432	-0.0007232649294132744
ABHD17A	0.03906270441922052	0.025120171976015786
RP4-669P10.16	0.03906171431504286	0.0008098255125725533
SCNN1D	0.03906058572982082	-0.007133276294958022
LRRC56	0.03904936058000405	0.020253699430209056
CCDC40	0.03904657540940379	0.003242941398596208
AC021016.8	0.03904254596819981	-0.0055682304177025795
FAM153A	0.03902794964627446	0.0004615616648643155
Y_RNA	0.0390230703463981	-0.01013152882568112
RPS3AP3	0.039019595741751956	0.0066028901033454105
CTD-2207O23.10	0.03901908695197948	0.031455407966431495
RRP1	0.0390143188595852	0.014849522578153519
RP1-167G20.1	0.038919272071987886	-0.014944390228456072
SHANK3	0.038917155196395305	0.025055648880824694
XRCC3	0.03889989953497492	0.004170180382293722
C19orf68	0.0388975355829116	-0.006694266399776083
CAMKK1	0.03888808831776808	0.005719506792821457
SHOX2	0.038872642582570484	0.0006953976011339881
C19orf71	0.0388520232704019	-0.010045825711619744
USP2-AS1	0.03884518517570897	-0.0020685119681765236
FAM66D	0.03884512194243243	0.02642558376878441
RP3-340B19.3	0.038828597894843934	-0.018046432906996396
SLC25A27	0.03882749745033937	0.006434603632626453
PDCL2	0.03882440876923792	-0.01597649999787844
AC012354.6	0.03881055793565492	0.003080626202221267
TTLL9	0.03880997419301366	0.002894563666428783
COX5BP2	0.03880394598249761	-0.018414172484390232
DND1P1	0.03879704496208359	0.023054747401069844
AC002472.1	0.0387895503512059	-0.007220023564500455
Y_RNA	0.038781312559392794	-0.0016049177923438968
RP4-781K5.4	0.038766089117417295	0.003186902515636367
C5AR1	0.038765459322674986	0.006021363860883138
ACBD4	0.03875412566969927	0.03402618213986029
RP11-860B13.1	0.038720819166189524	-0.018385087539132747
SLX1B	0.03871445364048976	0.01702058543535433
PRKCD	0.03871146027063315	-0.0007432989212532773
RP11-307C19.1	0.0386997793364579	0.009747805197343263
ANKRD62	0.03867649208738559	0.02298856652387702
DEAF1	0.03865579629877148	0.03411651578510697
KRTAP5-8	0.03865461027138211	-0.0019802106860969367
LIPE-AS1	0.03863411952935702	0.007632480213948817
TEKT4P2	0.03859145179664908	-0.010099496409643274
AC009303.3	0.038584860776705754	-0.0038501833346411625
PKN3	0.0385664451176647	0.014379725746429522
ARHGAP27	0.0385487716286236	-0.007353942634446394
SIX3-AS1	0.03852689144933618	0.023035338461213282
C7orf57	0.03851613831813777	-0.01755254368230022
GLI1	0.038479563880171555	0.003494544120810957
MAP2K2	0.038438278045472576	0.019868837870592355
EXOC3L1	0.03843279162304478	-0.01252063595178349
MAPK8IP2	0.03839873525686596	0.027247929799726754
AC092573.2	0.03838244017140087	0.0035747737159553972
CRAT	0.03838105735671603	0.017343387551750578
RILPL2	0.03834676828881468	-0.024613429771034142
RP11-379F12.4	0.03834356619621285	0.016245046725816212
ATP6V0E1P2	0.038328852267513716	-0.00493770122138174
C15orf54	0.03832210998702646	-0.013802727055630478
CHST6	0.038283687083928486	-0.011446224912499877
MBD3	0.038277299062147906	0.030558687019595198
CD207	0.038275936004624	0.007384936279131902
RP11-46F15.2	0.03827330856878443	-0.0010300480278812225
KCNJ14	0.038268011638784016	-0.0099663522952815
ZNF787	0.03825632890406969	0.023581361639393866
FBXW9	0.0382507438013045	0.03602649782480227
EMX2	0.03823799893948097	0.004299855675167764
RP11-122M14.1	0.038195821172164565	0.031924420962097105
RP3-336K20__B.2	0.03818631654122971	-0.013303798944074102
CTD-2337A12.1	0.038181763395055635	-0.0059185788650952895
ZRANB3	0.03817945563496361	0.0028599125799142256
RP11-838N2.5	0.03816878721342023	0.005054227204307339
ITGA10	0.038122740878952066	0.004927781167470273
PLA2G4B	0.03806451406777758	0.013387009989576946
AC104809.3	0.03805526003929934	-0.020412247803340326
PDDC1	0.038045762149018184	0.028665474983829254
SNORD86	0.03802324036620425	-0.007863682180370965
RP11-473M20.11	0.038012961422740264	0.03221376126507933
WDR65	0.03800844175119747	-0.018659780187427907
RP11-522L3.5	0.03798927260045394	-0.008693676117117344
RP11-452L6.1	0.03798390271075875	-0.004659547516605896
SNORD53	0.03797022642719713	-0.0019524079226914963
RP11-757A13.1	0.037948426533744264	-0.007398905947888853
AC079781.7	0.037948426533744264	-0.007398905947888853
AK8	0.03793072436277085	-0.025193810780949528
DICER1-AS1	0.03792837698512835	0.002385536295239762
RPL36AP45	0.03791987135407698	0.027507074252873923
RAB4B-EGLN2	0.037915162304125595	0.029095165752342146
C19orf54	0.03786631235164883	0.03305521577501513
RNU6-529P	0.03785944780265824	-0.004241016976544291
CHTF18	0.03784561343276342	0.012525836264344316
SPIN2A	0.03784040862725402	-0.0014280911676561956
AP001619.2	0.03780009006431801	0.03403940015076177
GNB1L	0.03776093606368897	0.03878261558346802
RP11-473M20.7	0.03773747439895514	0.037284674460822696
RP1-20C7.6	0.0377314068950028	-0.007298283772630816
FOXO6	0.03770631732333687	0.019905957197758353
RP11-380M21.4	0.037640138418961355	-0.013841602437571925
SNAPC2	0.03762467658635193	0.008068528934808302
RP11-46D6.1	0.03760370435259678	-0.007319134677725735
COL24A1	0.03759980977797711	-0.02980340283424312
RP4-710M16.2	0.03759882973608246	0.007721713906630221
PPP1R9B	0.037589071203593026	0.0363019100914574
C17orf104	0.03758806255016448	-0.012242911358682069
FZR1	0.037575862062317826	0.025030740069741042
KIF4B	0.037567203426547895	-0.006734870361413414
AC005306.3	0.037551617119518724	-0.000846333377259561
MCTP1	0.03754006663111291	-0.02547247107305203
RP11-115J16.2	0.0375300359546786	-0.021644119957460815
LINC00661	0.03752867219228719	-0.021551422712661673
KRT16P2	0.03751235083093874	-0.015218517652144513
LOR	0.037486910279768415	-0.012331912785930689
SMTN	0.03747988121814008	0.032687145081040786
ST13P15	0.03745922297433189	0.04085836801652118
C1orf194	0.037443875996995404	-0.012363340334035617
AC017104.6	0.037400915939191794	0.010601952444599189
RP11-327J17.2	0.03739196512923956	0.027920394738479726
NME5	0.03738604325952164	0.014554836616261725
RP11-351I24.1	0.0373571393467851	0.013645398678239452
PLEKHM1	0.03734440068679946	-0.004022548054239154
PARP3	0.037344376637567143	-0.015723375696788843
CTD-2012K14.6	0.037277668104253356	0.02600353451178333
SOX7	0.037269791011150306	-0.016484837305024057
ASB16-AS1	0.0372411335300483	0.042035218727917864
NEK1	0.03721659018339718	0.016640290563693597
TARDBPP2	0.03720595286240117	-0.014789087229911268
PPP1R13B	0.03718114515196779	0.03192691603495203
NPIPA5	0.03717059423472693	-0.01624928861940104
SMIM4	0.037107211163009295	0.02617942283321098
AC073135.3	0.03710660259926813	-0.0182246135853237
CCDC85B	0.03706564889389776	0.0016820383218015171
RP11-13K12.1	0.03705223752765256	0.012097304036277843
RP11-64K12.8	0.037035940798695925	-0.015758162635362345
XXbac-B476C20.14	0.03697095998863838	-0.0018954931251251252
RP11-213G2.2	0.036955562945168816	-0.0018497401608800848
RP11-193M21.1	0.036928102358798474	-0.016845342475454255
RP11-217B7.2	0.0368988624217396	-0.02041992804754863
CCDC9	0.0368880437493697	0.04179281241302099
SCN11A	0.03688512224622774	-0.018670191123551717
BZRAP1	0.03686466447223519	0.03606280503555835
ENDOU	0.03685811975438406	-0.009319685427190342
WDR34	0.03682035694913409	0.00878277772926301
AC096582.8	0.036805175308166085	-0.017041688362063146
CTB-180A7.8	0.036793436388175685	-0.01635381238093608
PRR7	0.03679098793020418	0.02093828152039743
RARA	0.03678666807643026	0.00857584699220892
RP11-478H13.3	0.036722087072983654	0.02206236935628354
SGCA	0.03665473044944612	-0.011105128554999467
PCAT6	0.03663231010973899	0.03523586255373336
CIDEA	0.03663094578037934	0.006677531915989091
RP11-155G14.6	0.03660609929126663	-0.01220941364318274
THOP1	0.03654735805633311	0.03162577220065733
NEK8	0.03654568320464794	0.01303640310389088
CHAF1A	0.03650750672674915	0.041384561828132674
ZNF414	0.03650686566245359	0.03483011152663879
CTB-109A12.1	0.03649996166755949	-0.029832834908001805
PPIL6	0.036478223015075174	-0.006229650496483193
RP13-46H24.1	0.03645839994913363	0.020712535595113116
AVPI1	0.036457519366652535	0.004901743517516296
MIR581	0.03645493113377241	0.020690174086728522
RP11-21L23.4	0.036326364531972924	-0.014823486507104942
LINC00698	0.03627241014039523	-0.0193325268827619
RSPH6A	0.0362516204693054	0.0031342667146327737
SH3GL1	0.03621427652320053	0.030627246783785526
ATP2A1	0.036204149497234786	-0.02555459474133488
TMEM184A	0.03618235448896064	0.029969699882033785
TPSP2	0.036071703191386334	0.03732536704376919
ACTN2	0.03601391496586845	0.0005269580984210007
FAM195A	0.03601345782624376	0.027128260355390926
RP11-159F24.2	0.03595695814260922	-0.011617376522323617
CCDC124	0.03593843138605077	0.02678289429524069
MECR	0.03587143263898949	-0.004016443443118854
VEGFA	0.03580585510172355	-0.012290308838330854
AL450992.2	0.03580183053932133	0.03436053589072491
LRRC61	0.03575849357956441	-0.005973632561340749
WDR66	0.0357424751794714	0.00743877365910146
CHRNA9	0.0357227013955892	-0.019846815032555615
FAHD2A	0.03570156107707028	-0.0031524609750680044
ZMYND10	0.03568282300852269	-0.013737123877348295
C16orf71	0.035644316910347085	0.040395046577153655
CCDC64B	0.035634629020261994	0.00490380730638914
POFUT2	0.035633947139156186	-0.017259745048518165
RP11-175K6.1	0.0355895394616838	-0.019218210948309472
ZNF861P	0.035587846292688595	-0.010392539163962329
AC009229.6	0.035572447454452094	-0.022159216641431563
CCDC159	0.035546360597586535	0.018061277086368743
CNKSR2	0.03554315597948549	-0.0018494900321387785
UBALD1	0.035496182496805334	0.02983644931859642
NTRK1	0.035425083852388295	-0.01162815497973821
IRF2BPL	0.03541788373185422	0.015922542482990017
PLIN1	0.03537909799145078	0.01767771496404046
CD300A	0.03534638319393411	-0.03175127624617525
RP11-156P1.3	0.03529418835703867	0.023112867746117264
EPO	0.03524468689183751	-0.039745856663221946
QTRT1	0.03514929602536703	0.04502044516605452
AC017002.2	0.03512551937208515	0.010565255579455188
TNNT1	0.03511503725729882	0.001469565426923642
RP5-1050D4.4	0.03508566029333547	0.04621943991933019
SNHG12	0.035076819093717806	0.005100908396429934
TUBG2	0.03502743893987131	-0.004180786247217561
DUXAP1	0.03502703047250192	-0.01672701633088243
TRIM74	0.03494378736803133	-0.02906280797025054
GOLGA8A	0.03492380369413275	0.005803278975088152
GIT1	0.034897932265628206	0.020595470203055057
SLC35A5	-0.034895658917777725	0.03247232223534966
LRRC2	0.03487813772062711	0.004317893061854033
RP11-507K2.3	0.03487529326677708	-0.0007437316768387193
RP11-227D13.1	0.03482776036013562	0.0029806883901322603
RP11-463O9.9	0.034747209923868226	0.05031168304502786
CHCHD6	0.03471382708842073	0.042853869616425955
SFN	0.03469806963030229	-0.021506598667321537
MARK4	0.03467190054685133	0.04664982399436559
NIPSNAP3B	0.034633646515938143	0.001085088252618331
SNAPC1	0.03459846141124604	0.0014089270903807978
RP11-167N4.4	0.034562013681546114	-0.002907657913809764
RDH8	0.03455913580964012	-0.022438104316266038
SLC38A7	0.034545402056337625	-0.0039020982969056963
HAPLN2	0.03454063532659126	-0.03352325450937809
FOLR3	0.03452001952545585	-0.028587015810770805
LA16c-361A3.3	0.03451940983335329	0.00255575465612611
CEP72	0.03450098329876	-0.0033066494344173533
C1orf234	0.03442605926326789	-0.022475666961777177
WDR63	0.03439773016333046	-0.011073550705702548
C9orf116	0.03434589878271864	-2.5005895542046538e-05
ITM2B	-0.03429908105501549	0.00812170540542196
RP1-102K2.6	0.03427251547933483	-0.020664727392556287
RP5-1071N3.1	0.0342170083814688	-0.005287905492888475
RP11-184E9.1	0.03417126761211083	-0.0027121255678637765
TFAP4	0.0341463028168144	0.026739224744583904
RP11-468E2.5	0.03413104378108424	0.04885332207856831
RP3-475N16.1	0.03412248546481708	0.021081803243771152
RP11-775A3.1	0.03411319082063004	0.008573160210033995
ADORA3	0.03410790813798954	-0.030947694752731632
C20orf27	0.03410538468287496	0.01931772964868756
PSG9	0.034098707144551585	-0.02672344601135574
RP11-483E7.1	0.034097982418957166	-0.02481758322517833
CCDC135	0.03407435304316693	-0.02042656541600863
KCTD21-AS1	0.034048306040044544	0.0021543963569320905
IRGM	0.03404754840352355	0.011483360527053425
CACNB1	0.033999948770146574	-0.025077526964964854
C21orf33	0.03395019179252696	-0.021471268282945676
CCDC60	0.03393633430045665	-0.03388103248748347
ZNF865	0.03391559969462363	0.00294225177464504
RP11-773H22.4	0.03390504858754731	-0.0037031671769003605
HNRNPA3P1	0.03388638860157719	0.013891643128282194
HHATL	0.03388575229668163	-0.039779029686554106
TMCO6	0.03388091497136438	0.05203683300457046
RP11-344H11.5	0.03382515465419336	-0.008302430048365303
CHRNG	0.033819107111532104	-0.02483673934533899
PEX6	0.03378334420020845	0.00462073994209087
RP11-324E6.6	0.03366264759730275	-0.029493975962390832
RP11-616M22.7	0.03364880098700624	0.03984654341056161
SLC35E4	0.03362471659505795	0.034867349315064085
CTD-2138O14.1	0.03361276325803713	-0.009235363829760595
ZNRF2P1	0.033585146807692104	-0.02555809045801349
TULP1	0.033578301472894256	-0.026328272602519617
HCK	0.03351125793926381	-0.003804926573461361
AC009120.5	0.03348722888813294	-0.023909916150338835
RP3-418A9.3	0.03346438110221008	-0.0027810626337612535
ANAPC2	0.033452487192428736	0.004474742515841445
RP1-261D10.2	0.03343833702596315	-0.024446981771953324
MIR661	0.03343696480860961	-0.010069625478125545
MIB2	0.03343605410642809	-0.01496333698379286
MAP3K14	0.033412044207158084	0.028026600066415185
RP11-490H24.5	0.03339141857361295	-0.03385760157688805
SYPL1	-0.03337847492070963	0.016233328831240602
RP11-705C15.4	0.03333007055631005	-0.011107579648751722
PAK4	0.03332163382022123	0.01346520180845395
RNU6-485P	0.033301364222033336	0.0036436875368901314
RP11-572O6.1	0.03326633103669391	-0.011873711550234006
AC018755.16	0.033259777699584735	-0.037962541558943595
ISOC2	0.033243875287715455	0.04873408168411834
WASF4P	0.033219922238947784	0.0008335969598913058
JMJD7-PLA2G4B	0.033123604385807935	0.0328131104683725
RPUSD1	0.03309819869119101	0.0109805662528437
RP11-2E11.10	0.033076716951073976	-0.00405705940938238
CDK5RAP3	0.03305020461238477	0.04452930780452593
NLGN4X	0.0329681025855043	-0.02729095730091282
IQCF1	0.032951262412188084	-0.018118435189681616
KRT8P9	0.03294395806874358	0.0004842812935801373
CCDC61	0.03288106161901112	0.018352849994138328
C2orf73	0.03287868901086901	-0.019334410398165233
ACOT6	0.032838513008423165	-0.02398780144308837
RP11-24M17.3	-0.03282844026136818	0.011266528728631462
CDCA4	0.03281485909844304	0.007158263280260096
RP11-216N14.9	0.03279364236819759	0.04098004542769001
HNRNPCP4	0.032782066629689285	-0.022037931354929298
VN1R20P	0.03273235950201003	-0.00825301790430271
DLEU7	0.03272663833643164	-0.0032399063376667863
MEF2B	0.032658734022204955	-0.014405554322396782
FBRS	0.0324873509935922	0.02174287026861939
MOB3A	0.03245818004214398	0.04858258250873145
FBXL15	0.0324215631609768	0.019150868208292347
AC098831.4	0.03241887054990375	0.03716475621771544
CDNF	0.03238047995732379	0.03567878787567685
EPPIN-WFDC6	0.03236416261454419	-0.03989863441547815
RP11-359B12.2	0.03227126043398703	0.0020845513320259345
RP11-893F2.14	0.0322377049306513	-0.019515986089328346
EPS8L2	0.032234852128486695	0.05619974674049888
RP11-696N14.1	0.03216467512056467	-0.005577886938555575
TSPAN3	-0.03216055586108313	-0.018413357787740326
APOBEC3F	0.03215109148589635	0.03416015180034758
AQP8	0.032120322616424016	-0.03720431725620611
HMG20B	0.03203776638111303	0.018562550428897016
SIX1	0.03202681617833164	-0.027974046619158054
NUTM2D	0.03202182496872045	0.004882904101248423
RP5-1066H13.4	0.032014639568019955	-0.024938079194162594
PAMR1	0.03198313384442699	-0.0236046044855752
CTB-113P19.4	0.03189599910050782	0.006256192782650373
SH3BGRL	-0.0318928980328205	0.03250048324495335
RPL13AP3	0.0318797159249463	0.027570248546628644
FZD2	0.03179947637333624	-0.0013685994566990291
AC005523.3	0.03171012792708584	-0.02355121464554423
FAM117A	0.03170993406450432	-0.011442398564889964
FAM216A	0.03168521203190996	0.03713534949811765
SMARCD3	0.03167535169884519	0.05185635969691037
C1GALT1C1	-0.03163862740252495	0.03382778160361801
CCDC103	0.031629847646126454	0.004527438030467662
BBS1	0.03162020535848593	0.04938082726460581
FAM187A	0.031604927493337716	0.00419788244347885
MYO1H	0.0315956474184474	-0.03536804733938759
TMEM182	-0.0315390976825936	0.027109303185560308
RP11-435O5.6	0.03153834623682471	-0.01474301969954189
SGTA	0.03153231311066882	0.04314945107254618
CD160	0.03149344666053498	-0.017618860273104303
TEX21P	0.03132949274846954	-0.0017868893358225953
TNRC18P3	0.03131538433870073	0.03239941504341011
SUFU	0.03130927369731375	-0.009389798800038015
RAMP2-AS1	0.031306866438189536	0.05974758224616164
ZP3	0.031291960132965604	-0.020929465913817898
TEAD3	0.03128329594218615	-6.282116743090321e-05
TSSC4	0.031246461074924323	0.055428984041630464
RP11-96C23.14	0.031240753725741678	-0.02444249480883597
CTD-2228K2.5	0.03114130641475918	-0.003763385576432883
NR3C2	-0.031117775547149486	-0.04275304380022961
VMAC	0.03110452872312324	0.057706706695833006
HIC2	0.031079278414087686	0.05604484737532651
ASIP	0.03099331060399272	-0.03559297779310961
RBBP4P2	-0.030947322595258803	0.02405450478580756
FCER1G	0.03091766396788603	-0.0039352769114803475
ASB16	0.03090732939623436	0.005069442750271817
RP11-23J9.6	0.030874807113558465	-0.006880646918117664
PIFO	0.03079570328715762	-0.01316859019930223
VIPR2	0.030784596942948068	-0.019740914905402952
RP11-286E11.1	0.030747227940407008	-0.01885264639357466
MMP25	0.0307342023540109	0.015639544619619927
MSMO1	-0.030731531080291127	-0.005843080090486393
DUSP15	0.03071663458430121	0.05902863179108516
CCSER1	-0.030680514454308017	0.0375730377349701
RP11-1079K10.2	0.03064710609260954	0.03714842904095192
HCG9	-0.03053799861111997	-0.03289092612565374
HOXB6	0.030532559773017897	-0.041130364269658534
ALG1L12P	0.030457929523414626	-0.0225122333050131
RP4-539M6.20	0.030407514457704923	-0.004275267943427453
MIR4648	-0.030386691874903532	-0.02065567703340551
RP11-567N4.3	0.03033620452632898	-0.007320951252549575
BMP2	-0.03030996575651469	0.00734198932312228
NNAT	0.030297050808571098	-0.017743556172694044
SRD5A3	-0.030135988355507307	-0.037323482957823104
PLEKHO2	0.030098923416450575	0.04570207447381148
RP4-676L2.1	0.030057805833032327	-0.0427669769481761
CTSD	0.030011751107696723	0.02647932156005426
ZNF425	0.02997547893713429	-0.01642766415969848
PSG8	0.02996684598453758	-0.03608432199421336
FBXO17	0.02996294620402688	0.05006493150599592
RP11-1C1.4	0.029923139042316926	0.01855839788615411
RGS11	0.029846021418540643	-0.0273176613801911
RP11-235C23.5	-0.029845972193020768	-0.0323909873581873
PLCD3	0.029829836743073393	-0.007195479640904467
UBTD1	0.029801993933378026	0.029377898200360453
CBX6	0.02976607663739873	0.05893348191613768
ASB14	0.029726871229430053	0.04117923790827976
PRSS29P	0.029695142051177004	-0.02597765646787666
U3	-0.029673210010210078	-0.03893482654980972
SCRN2	0.029614569779565867	-0.01890830334291727
TULP2	0.029553866292447127	-0.021711383259570158
RAET1L	-0.029502307787048848	-0.030105531062053985
LRRD1	-0.02932614410309738	0.019118381816414676
CTU1	0.02931444630683741	0.025350336924142687
CYP51A1P2	-0.02924056359727129	-0.004592092362149296
BPI	0.029134665055200626	-0.029096130154662708
HIF1A-AS1	0.029113340428839167	0.025762679013859126
GPM6B	0.029087537436990878	-0.012769887864321178
MDFI	0.02900042659765037	-0.01407561740811306
HNRNPA1L2	0.028977470633318736	0.05162517694080939
OR4D12P	0.0289471406274613	-0.023082973482317935
AC013449.1	-0.028907887397924284	0.036282162806127144
KLHL38	0.028894924417368854	-0.03204835077509434
GALNT4	-0.02888948567021979	0.013750583744261755
PRKCH	0.02887115609338352	0.016251644077303465
STK25	0.02887023860491499	0.06331598565121789
C1QTNF9B	0.02875037475724488	-0.03346466834900537
WDR18	0.028625577581228048	0.050763508125113425
TWF2	0.028518776413408175	-0.0353056660821556
KLHL41	0.028403647488834557	0.026767131671853163
NAT6	0.02835951920200053	0.022848182348490415
NCS1	0.028332151536767863	0.00937486009533323
RP4-536B24.3	0.028309068929303148	0.05993980960080044
SLC25A18	0.028308470689541357	-0.02116815107930989
TMEM45B	-0.028204670732438198	0.007228189005941071
CASC11	0.02815949007496802	-0.014385632261659176
AC005779.2	0.02812565257302196	0.054082582361161695
MYPOP	0.028120969218270626	0.056259623720925925
SLC44A5	-0.028109984902106797	-0.013613197526709073
RP11-295K3.1	0.0281046364818546	0.027069583910931307
SLFN11	0.028089752330058438	0.060309528968280714
SYT7	0.028048392992893134	0.04564454493791185
YDJC	0.028044635678670816	0.05021471408305472
XXbac-B444P24.8	0.02796566121591142	-0.033010190227193315
ALDOA	0.027949885244747143	-0.010752681697344429
LA16c-395F10.2	0.027947994799192546	0.005657383598323005
SDHD	-0.02790436074374368	0.05699697852441918
EPDR1	-0.027856740849359903	-0.007176190083150045
RP11-517O13.1	0.02780730234867705	-0.03632335452300912
ANKRD24	0.027740731827862287	0.03694344510904702
C6orf52	0.027727549171014214	-0.017046172785323922
ABCA7	0.027714990178858725	-0.03056976165770506
SAC3D1	0.027680691832331582	0.06457278351960158
RP4-530I15.9	0.027586650089283838	-0.018648855972023235
STON2	0.02754711032642385	-0.03753804423092295
SFT2D1	-0.027541481987086548	0.015257155525179023
ACAP1	0.02752288495147504	0.001908927221756512
RNU2-59P	-0.027472639846182034	-0.01395360000322537
RP11-304F15.4	-0.027435500300579074	0.01657674984382768
RP11-228B15.4	0.027387616130422447	-0.0036696264704664952
RP11-293I14.2	-0.027373620743527192	0.03520415775221618
RP11-502I4.3	-0.027367253497189614	0.05945104512311678
SH3BGR	0.027363833020664235	-0.004831154903131545
TP73	0.027359585045576545	0.0023332160918690986
RP11-460N20.7	-0.027332882175379034	-0.037684948355699945
CTD-2383M3.1	-0.02730881492947604	0.04251624126388413
NXT2	-0.02730764565613812	0.047465739903619415
RP11-453N18.1	0.0272621133217901	-0.010158980670976989
MYCBP	-0.027261386857712833	-0.005057662655802441
AP001046.5	0.02721332254592607	-0.029426151315330423
RP11-47I22.4	0.0272060281448796	0.020532631933577537
UCN	0.027195719004636344	0.026735602820255513
CAPSL	0.027050579687793768	0.039607286646739195
CCDC125	0.026970225560267763	0.024337523491947476
NUDC	0.026957775822519344	0.03695540230032803
OPN3	-0.02694763302918111	-0.0038668267966983547
TAF13	-0.026868937483531398	-0.0023820991243640286
FLYWCH1	0.026818071059248764	0.018131980843279164
GPR160	-0.026761876229961908	0.0007164381019466062
RP11-266N13.2	0.026709053211779504	-0.03145065415216973
PWP2	0.026697550774484092	-0.025204545637614692
AC021218.2	-0.026672892817872232	-0.0011007643905407366
FMO3	0.026627610458272756	-0.02095751296452701
CD164	-0.02661896850232807	0.05078442353720688
TMX1	-0.026599929214914195	0.004057511380142807
RP13-228J13.1	-0.026578869434560025	-0.011860606594538149
TMEM179B	-0.026562637920928073	0.05209884993422803
DDIT4	0.026363921411580872	0.0106323972453807
MPC1	-0.02633165555276684	0.036168942816688296
TSR3	0.026277084661917426	0.009634790152076519
RP6-24A23.7	0.026262142554477542	-0.023340561173016038
CES3	0.026241926009859456	-0.02457348356062502
RP11-671M22.4	-0.02623992035655335	-0.01215416575361638
CTD-2521M24.4	0.026222563902828417	-0.0016780708198595362
MRGPRE	0.026190940947002805	-0.04236044036598717
FMNL1	0.02614407096584464	0.00980288244842467
ZNF76	0.02599869375317351	-0.007174965881902769
RP11-96O20.2	-0.02598531123670953	-0.0126115283313389
ASCL3	0.0258282937859117	-0.018130057026034624
CKS1BP7	0.025827452291995092	-0.001480970149824353
RLN1	0.02578759181341687	0.058230285672234865
FRS3	0.025665668736987193	0.008384454996748475
RP5-1033H22.2	-0.025628267757647455	0.0004910183986486262
RAPGEF4	0.02560954723137584	0.06982322008197792
RXRA	0.02560108101510926	-0.024821891711452063
RP1-63G5.5	0.02556510535756674	-0.018586629272855183
C9orf37	0.02555391267870186	0.004221591031737234
RP11-157F20.3	0.025550465727578617	0.04360190423134396
AP5M1	-0.025483961945939354	0.02353589931807598
LCE1E	0.02543376882183952	0.05332524846352777
SNORA2B	-0.0253693883031831	0.06470383678001515
KIAA1199	0.025344228258659916	0.01031248506500991
GRIP2	0.02533730053476344	-0.032445893950923795
MEGF8	0.025287549589578004	0.02124866583414556
MIR877	0.025201936513903962	0.027636398064846773
RP11-363E7.4	-0.025193061976208995	0.007707879897021447
RAB30	-0.025114043619480032	0.06381907998543629
ISLR	0.02510651318732582	-0.001464174184715242
TMEM230	-0.02510620373079792	0.03980529953765471
MALRD1	0.025062325577350195	-0.02078869811037251
LA16c-325D7.1	0.024900160712966777	-0.024473190522657274
RP11-246A10.1	-0.024899431450031918	-0.02091397663506383
RP11-769N19.2	-0.024674057002562862	0.01645094340190955
ATG4A	-0.024640401210358393	-0.005677681522637587
U47924.27	0.024635237155861384	-0.0014751843553930605
RP11-477N3.1	0.024604471853049766	0.006766422777895184
RNF128	-0.02460026761588895	0.057328038820829035
SSTR1	-0.02442146939278169	-0.004800246027956147
TMEM173	0.024417148421551845	-0.062300324452055675
SRGAP3	0.024387294863594332	0.06589505663352042
ACAP3	0.02432960397779493	-0.025113755203728133
CCDC126	-0.024321174901345253	0.052200721776374706
RNF223	0.02431324125293501	-0.002646797894465579
GALNT3	-0.02429082629169932	0.01770521694149458
UGT8	-0.024240928193586118	-0.01746401577880086
CTD-2650P22.1	0.02422439027528856	-0.016781217533079172
C3orf33	-0.024198360845336865	0.03649022165193619
RAPGEFL1	0.024105541500000684	-0.022751034209648902
RP11-3J10.4	-0.024095605909314463	0.06495944368202934
GNG12	-0.024046262397104792	-0.0077283289352842
OR7E122P	0.023929817844685942	-0.011459838520505408
RP11-734K21.2	0.0239096845804915	-0.020437374923097256
ATP8A2	0.023812855551178704	-0.029946418958375843
RNU7-170P	0.023640442477928097	-0.03573221124317972
RP11-567G11.1	-0.023638057730642575	-0.014455067214417276
RP13-735L24.1	0.023599476123140183	-0.014114375810966548
NT5C3AP1	-0.02351303131629559	0.022114863101275035
AC016700.6	-0.02347636975249408	0.010738980216677624
PLIN3	0.023467511220012418	0.00914470443615016
TSPAN33	0.023460383879898326	0.05457632552444101
RP11-152F13.3	0.023428114455650042	0.007187060530936149
C1GALT1	-0.02334505793483702	0.03646343400560898
RP11-54A9.1	0.023193744113175405	-0.017704032260689825
IL11RA	0.023168666767110865	-0.004418847828790302
TRAPPC6B	-0.023104474852310094	0.011373995936080331
MFSD1	-0.023020731938264562	-0.015080877134827695
RP11-104G3.2	0.02300732142970132	-0.002934833098674248
TCEAL4	0.02300002230465402	0.06667493210712733
RP11-379K17.5	-0.02295413893137832	-0.021789235267808484
STEAP3	0.022941306738659354	0.007121104230572869
ENKD1	0.02292841495374483	0.06766448880052951
RP11-359E19.2	-0.02292432819187914	-0.01199261098002589
DPP7	0.02285533332253032	0.0353529030468682
OR7E161P	-0.022791518013524095	-0.013046527603930443
ATL3	-0.02278169511028656	0.046775627949190386
LINC00637	0.02275728798389023	-0.026983227201196405
RP11-517B11.6	0.02275719137268772	-0.01832977902097101
PF4	-0.02270852896294773	-0.007718980457740736
SNORA4	-0.02264104281844456	-0.015054433674577972
TWF1	-0.022557466044999534	0.041345152482828704
RP5-991C6.4	-0.0225483055221169	-0.011075978969494865
RP3-473L9.4	0.02249091047929111	-0.016152041377081094
GOLGA8K	0.022442226203413723	-0.02506930814438887
APOC2	-0.022419328077832635	0.02810225745896175
LINC00629	0.022398412602448913	-0.028011473516675996
CHADL	0.022363283719309623	0.06982583983920702
CTBS	-0.022310825677778087	0.023690000285755294
KRT16P3	-0.022191928673571122	-0.0271259650770475
RP11-467C18.1	-0.022114318803955715	-0.011312968375871231
TMEM54	-0.022089681603943066	-0.018581007521974363
DHRS3	0.022050921203255896	-0.01105911004885672
PLIN2	0.022031562707195508	-0.014546956140368255
TLR9	0.021930497582592128	-0.03483133967086456
HAS3	0.021895496099864263	-0.031914287791599195
SLC22A7	0.02187501628960796	-0.01960422165630236
ZNF444P1	0.021855059688602105	0.007128327331308905
RP11-25K19.1	-0.021829279108458933	-0.014149938175273229
RP4-635E18.6	0.021820662531345132	-0.007696518691156187
RHOXF1	-0.021803978392706078	-0.02004076391867387
RP11-542K23.9	-0.021802733483999377	-0.007601538785493478
AC069368.3	0.021786571321512013	0.06735516049681642
PHGDH	0.021779525878580865	0.060795005310814346
KBTBD3	-0.021770156995169408	0.05090306891018822
MIR548AN	-0.021719589597289996	-0.022512311085819636
AC004980.9	-0.021594229783135466	0.028053705398218387
RP11-789C17.3	0.021504838618941365	0.0062195857910420935
KRT33A	0.021488935051573035	-0.010412887805167048
GS1-421I3.4	-0.02130455693262122	-0.015302186292651057
DNAJC19	-0.021302774241201295	0.014252926767222283
RPL31P50	-0.02127557005767777	-0.015792873818647336
PRKACB	-0.021266215715129263	0.013652011372863747
RP11-620J15.2	0.02123226886487341	0.05399770377334682
RP11-944C7.1	0.021189964310825964	0.008627044864102852
AC019097.7	0.021173041392884184	0.06459582788102135
CTD-2207O23.3	0.020961427946567596	-0.009190920026288282
C12orf75	-0.020959203566991217	0.0026658697053770952
ARHGEF18	0.020941054707754512	-0.008632941210829288
TBL1XR1	-0.020881735677934835	-0.0041474388329762685
hsa-mir-6723	-0.020866326333327023	0.061547415366866344
COMMD1	-0.020850383966054	-0.014999070911931735
FLYWCH2	0.020828976807492107	0.07013360787779588
RP11-216L13.19	0.020772696906077432	-0.014038415846170159
PUS3	-0.020756528976544588	0.03928045665965572
MTSS1L	0.020703140854619224	-0.008240898373253864
RP11-407N17.6	-0.020692887639972256	0.03190767661210631
RNU6-1079P	-0.02066319136086828	0.021926886956663734
CYP26A1	0.02063630088238851	0.04844234469373397
AC090587.4	0.02061548347518232	0.018624915424390685
GPR55	0.020598073047220035	-0.028609153513532215
SNAI3-AS1	0.020590111646201566	0.056844034376086955
ZMAT3	-0.020412351369979865	0.06470236177894399
RP11-999E24.3	-0.020371225546841093	-0.012584427010260676
BAAT	-0.02036497998681411	-0.009712557471143999
DOCK9-AS2	0.020317402799937406	-0.02355917087033152
GUCY2D	0.020236455687107344	0.05292053657494986
ZNF470	-0.0202130958134149	-0.009403283635574385
RP11-317P15.4	-0.020168408532849257	0.06930206987806295
LINC00619	-0.020161994808135787	0.020388831369479037
ZMPSTE24	-0.02015411375053046	0.005096853648134283
RP11-282O18.3	-0.020084282072148865	0.04521155164599924
AC092687.5	-0.020077419609698634	-0.0007468285952805464
SNORA32	-0.02003021533944843	0.014320933620041675
RP11-96C23.12	0.020029370523272413	-0.03447256571287205
FTH1P8	-0.019986331297834958	0.06523797951063552
ASB5	0.019984648936408837	-0.019305850449331686
TRAV18	0.019947496026201085	-0.03424533277422753
FDPSP4	-0.01994524171255761	0.07325440004683392
IQSEC3	0.019808564435101057	-0.025611773213788915
CRYBA2	-0.019783092799234788	0.051150093310826546
RP11-63P12.7	-0.019770678020967283	0.05587974530942866
UBE2Q1-AS1	-0.019722187342764062	0.07168060748468713
RPL10L	-0.019710000167655728	-0.003317984430036218
DLX1	0.019536210456890517	0.06129904518943181
RP11-269G24.6	-0.019421807847106263	-0.010817917922489489
SLC41A2	-0.019382132823315464	0.004437987370958271
SETP8	0.019324584816771153	-0.022892295142376576
MYPN	0.019226844425694303	-0.03448200112258793
RP1-137D17.2	-0.019095587448706323	-0.011014086178537491
COL6A6	0.018976686391966743	-0.02448857638516001
CTD-2210P24.3	0.018868623958140845	-0.02879358171612978
MLIP	-0.018836883735031423	0.012257833649603162
RAB8B	-0.018748910408946266	0.07614745118971612
RP11-785H20.1	0.018745448159638085	-0.030712274877678275
RPL39P40	-0.018705426501295936	0.07435736879364685
RP11-10C24.2	-0.018679022073948438	0.017625886307462372
GC	-0.018673607109895903	0.0055729705013877005
ARL5AP3	-0.0186194333555403	-0.007114616416067382
DUSP13	0.018550500204512738	-0.02361921039954304
TUBG1	0.018531551369186543	0.054051387071671515
RNF7	-0.018433180033493677	0.02923546583177414
AC018865.5	-0.018432786845232065	0.001455961824494937
SP6	0.0184078514937588	-0.020345331227354265
SEC14L5	0.018366534796192185	-0.0358527181287607
RGS13	0.018156924616326918	-0.018987047071915696
IL17RD	0.01811495263089937	-0.0061791845470359945
BSG	0.018104402224632454	0.03156029964729483
AC010127.3	0.017984723018759103	-0.03374818751653155
RP11-328P23.3	0.017950228104842557	-0.019140617651054112
RP11-443B7.3	0.017894552447713354	-0.014716895527531866
HSPB1	0.017879305220306067	-0.016305310942380885
NAB2	0.01770482250697057	0.0721809930199914
TOX	-0.017704691538351764	-0.009593716516373883
COASY	0.017688136871243407	0.06063680356264218
MIR4639	-0.01762096775727105	0.03136176738870235
SLC2A10	0.017574185840139717	-0.02001988736930114
RNF152	-0.01751354500156935	0.07515367490145242
GABRB2	0.017454130116687772	-0.02703779997038733
SPPL2A	-0.017365359170991586	0.07882222488644851
SPCS2P4	-0.017354559055292467	0.07679098589868676
TTC9B	0.01734911536093939	-0.041261628566117495
NPY1R	-0.01725044889444743	-0.0035778348237954965
ARVCF	0.017179041677919244	0.07368574830395917
C5orf17	0.017163744544037646	-0.02616355273563984
MTATP6P1	-0.017158836536634765	0.07950075231223919
RFPL4A	0.01710236306354654	-0.030214767052126498
GTF2A2	-0.01709189534035265	0.07847628099940174
CD300C	0.01706568513379546	-0.036839206301893364
ALOX5AP	0.017050444986410517	-0.04656993466099785
ATXN7L3B	-0.016968874796226177	0.029767826077797876
RP5-827C21.4	0.016911187371932545	0.07741604754720441
ALG14	-0.01690449453711905	0.05955187032660997
PHYHD1	0.016898780970531123	-0.027843027026278538
AC009238.7	-0.016772243198445835	-0.01083588590939177
FAM102A	0.01666531225204583	-0.017331131747537528
MIR200C	0.01656693561951818	-0.042745588497398394
EI24	-0.016413977173834887	0.029688161735718567
RP11-746P2.5	0.016293955721492243	-0.02859884940108753
KB-1027C11.4	0.0162075792256621	-0.041444097920283376
RP11-801F7.1	-0.01598578393872322	0.014796610474626264
PRSS3P1	0.0159754514696378	-0.012676583572183818
SERTAD4	-0.015918679152358135	-0.010365860648700202
TFEB	0.015888629445092485	-0.016078227431775234
MTMR2	-0.015802096688560804	0.04032085116028891
GTDC1	-0.015783689251678185	0.018357729402977706
RP11-326F20.5	-0.015590624848254868	0.033466842096381476
AC073869.1	-0.015463876217550545	0.07308710708046698
TNFRSF8	0.015388103256765704	0.05516990579486693
MUC21	-0.015333542117912958	-0.016257304888108337
MT-CYB	-0.015324550906337766	0.07161703985222828
RP11-142C4.4	0.015301635105830571	0.08097735841416395
RNY1	-0.015216122567908488	0.07586496262545364
SLFN12L	0.015130671373551691	-0.035975168107405316
NPIPB7	0.015025983133518925	0.06585663309730679
MT-TG	-0.015017248432673876	0.08073440039512556
PMS2P9	-0.014928277051608489	-0.0253829891789766
APOC4	0.014908269450734724	-0.03144198364897422
ELFN2	0.01489555616627401	-0.017598705582567334
CD79A	0.014799972944792064	-0.016238243901804034
PDE8B	0.014682822275589355	0.0004845367785549535
SHROOM4	-0.01465456521614859	0.07842880554697593
AP000688.14	0.01462850710190464	-0.05326971807111951
MTND2P28	-0.014575270549978684	0.07638938805256759
RP11-20B7.1	0.014561845331776582	-0.015127600041468993
SRP9	-0.01443576518493815	0.08054497499557361
RP11-33O4.1	0.014409630156492942	0.07267287650609491
ADM	0.014403471550676075	0.0753345129087581
CSRP3	0.014363369140655039	-0.01203918213117217
OVCH2	0.014321957376213751	-0.026464774524564125
CXCL12	-0.014241804019520068	-0.004983100372604009
PKHD1	-0.01397664898373053	0.07774232280630701
POLR2M	-0.013850832613959814	0.0791201718565996
RP11-707P17.1	-0.01384865500827529	0.004030852494863998
MIR3197	0.013741904987254243	0.030425715909863246
C6	-0.013678290974683429	-0.002890644273637237
MT-CO1	-0.013460801281993624	0.07853153618386895
TIPRL	-0.013411344275740684	0.07904239309053541
CCBL1	0.013188007968117524	-0.006780832039369154
TPP1	0.013072701818891249	0.06817531692355285
FOXI3	0.012986768222792556	-0.015720627718262326
CTD-2199O4.3	0.012873286828226338	0.011056866246238311
OBSL1	0.012847581592981454	0.08091776498131435
CTA-268H5.9	-0.012785757754428004	0.08261769482059891
PSTPIP1	-0.012709619941368834	-0.017755225669837865
DISP1	-0.01262505370832407	0.08058229897089493
CTD-2199O4.7	0.012542885475949497	0.013276630152850157
LINC00866	0.012493163506240726	-0.011464280402008205
XRCC6BP1	-0.012388571213432838	0.0813752530209455
PYURF	-0.012336142818209361	0.07695513716985071
PRSS41	0.012141071225797507	-0.0316195545013432
TTC30A	-0.01160677002587263	0.08043947762224751
GBGT1	0.011574430811362538	0.0780599611825172
RP11-80A15.1	-0.01156250219704719	-0.0122776482704601
RP11-400F19.6	0.011519250377259238	0.07196533044967353
FAM96A	-0.011518469547740186	0.08360944733656557
GLRX2	-0.011275170142593422	0.08079982345268885
CTD-2588C8.8	-0.011204336520976257	0.08127010323654435
RP11-452F19.3	-0.011010739106386813	0.08228520142469266
PPP4R4	0.01079948492575237	-0.022388510654025213
WFDC13	0.010777273135414486	-0.033060230922909925
SEC14L2	0.010536350683815986	-0.012715775859992836
AP000721.4	-0.01043445570968803	0.08099881298426866
FEZF1-AS1	0.010339098517661236	-0.03234995474601115
AC016292.3	-0.010316840120382581	0.08338244470235492
AP000688.29	0.010311614523659387	-0.03604769237694146
RP11-768F21.1	0.010242541330322395	-0.028617313160025
C18orf32	-0.010178594340497072	0.08425580403607642
RP11-474O21.5	0.010168307569294818	0.0018906255125850752
BLOC1S3	0.01010044895476577	0.08181977616483256
HSPA8P4	-0.010058278930222498	0.08154137726356173
Y_RNA	0.010003516708237604	0.08099010255337591
RP11-367F23.1	0.009911536753983149	-0.026934900118424008
RPS27L	-0.009884204471525082	0.08329109215563177
HAS1	0.009721290477705426	-0.031560081116959106
CDKL4	-0.009666787369816248	0.08313172333084999
LYPD6B	-0.009350423403560112	0.08428973939296955
CCR7	0.008903780393154925	-0.014521173741508494
FAM83C	0.008777716496367834	-0.02700415061360967
DLG5-AS1	0.008769257404518248	0.07960069149200508
FDX1	-0.00869737242254607	0.08375783546066645
LYPD6	-0.008217351890984548	0.08451175867884932
PIGC	-0.00811406191201538	0.08419605637235512
FIBCD1	-0.007976648766865142	0.08090320288803571
RP11-426L16.9	0.0077523128015606355	-0.02494592704709164
TRPV2	0.007568730659723281	-0.015392138468555978
ASB2	0.006840291540377657	-0.019964556489682934
PTPRQ	0.006667899791167297	-0.025307501683502584
EML5	0.0062449289468547164	0.07996845759640231
FAM169A	0.006214099547760983	0.08346834786707116
ACTL8	0.006004840471343724	-0.022946783177673808
CRISP3	0.005838624892835687	-0.014069255983656201
IRS4	0.005591263284558107	-0.018438459303571342
C17orf99	0.0053921375519616925	-0.016684872526549977
TBX2	0.0053195627832704736	0.08575001287381677
SCNN1G	0.00505396452860911	-0.017158765058283326
RP11-1260E13.1	0.00490650006407799	-0.019469770716325014
RNVU1-18	-0.0043839851474697464	0.08560779012673357
CA7	0.004238016069783509	0.08221930877266946
RP11-141M3.5	0.004149289651591535	-0.007971355819843913
FAXC	0.0032346652410349887	0.0835342325713179
REEP2	0.00316041025229774	0.08565018181344106
SHC4	0.0030506617444132113	-0.017134122928115985
SMOC2	-0.002503309540408998	0.08508384326543654
RP11-1055B8.2	0.0024116845079445027	0.07374733306527455
CEL	0.002255698076209995	-0.016163760777589496
IL12RB2	-0.0022153841594211576	0.08394539653657296
ATP6V0D2	-0.0019325402227427183	0.08459133328124246
ANKRD19P	-0.0018848518261769477	0.08464056026232704
STAT4	0.0018770287987829582	0.08243726255982661
RHOJ	-0.0007870924373215562	0.08243694930852877
RP11-209K10.2	-0.00011707808353248143	0.0759243861309302
EPB41L3	-0.00010182720166951899	0.0813726666638765
WNT10B	-1.7046924575468553e-05	0.08523860761457083
